{
    "$schema": "https://schema.management.azure.com/schemas/2019-04-01/deploymentTemplate.json#",
    "contentVersion": "1.0.0.0",
    "parameters": {
        "dashboards_9f3e49c6_ba6e_44a8_8965_4e60a288d3f5_name": {
            "defaultValue": "9f3e49c6-ba6e-44a8-8965-4e60a288d3f5",
            "type": "String"
        }
    },
    "variables": {},
    "resources": [
        {
            "type": "Microsoft.Portal/dashboards",
            "apiVersion": "2020-09-01-preview",
            "name": "[parameters('dashboards_9f3e49c6_ba6e_44a8_8965_4e60a288d3f5_name')]",
            "location": "eastus",
            "tags": {
                "Resoure type": "Dashboard",
                "Project": "opiee-sentinel",
                "Owner": "opiee",
                "hidden-title": "Opiee Sentinel Dashboard",
                "resource": "dashboard"
            },
            "properties": {
                "lenses": [
                    {
                        "order": 0,
                        "parts": [
                            {
                                "position": {
                                    "x": 0,
                                    "y": 0,
                                    "rowSpan": 7,
                                    "colSpan": 9
                                },
                                "metadata": {
                                    "inputs": [
                                        {},
                                        {},
                                        {},
                                        {},
                                        {},
                                        {},
                                        {},
                                        {},
                                        {},
                                        {},
                                        {},
                                        {},
                                        {},
                                        {},
                                        {},
                                        {}
                                    ],
                                    "type": "Extension/Microsoft_OperationsManagementSuite_Workspace/PartType/LogsDashboardPart",
                                    "settings": {}
                                }
                            },
                            {
                                "position": {
                                    "x": 9,
                                    "y": 0,
                                    "rowSpan": 4,
                                    "colSpan": 6
                                },
                                "metadata": {
                                    "inputs": [
                                        {},
                                        {},
                                        {},
                                        {},
                                        {},
                                        {},
                                        {},
                                        {},
                                        {},
                                        {},
                                        {},
                                        {},
                                        {},
                                        {},
                                        {},
                                        {}
                                    ],
                                    "type": "Extension/Microsoft_OperationsManagementSuite_Workspace/PartType/LogsDashboardPart",
                                    "settings": {}
                                }
                            },
                            {
                                "position": {
                                    "x": 15,
                                    "y": 0,
                                    "rowSpan": 4,
                                    "colSpan": 6
                                },
                                "metadata": {
                                    "inputs": [
                                        {},
                                        {},
                                        {},
                                        {},
                                        {},
                                        {},
                                        {},
                                        {},
                                        {},
                                        {},
                                        {},
                                        {},
                                        {},
                                        {},
                                        {},
                                        {}
                                    ],
                                    "type": "Extension/Microsoft_OperationsManagementSuite_Workspace/PartType/LogsDashboardPart",
                                    "settings": {}
                                }
                            },
                            {
                                "position": {
                                    "x": 9,
                                    "y": 4,
                                    "rowSpan": 6,
                                    "colSpan": 11
                                },
                                "metadata": {
                                    "inputs": [
                                        {},
                                        {}
                                    ],
                                    "type": "Extension/HubsExtension/PartType/ResourceGroupMapPinnedPart"
                                }
                            },
                            {
                                "position": {
                                    "x": 7,
                                    "y": 7,
                                    "rowSpan": 2,
                                    "colSpan": 2
                                },
                                "metadata": {
                                    "inputs": [
                                        {}
                                    ],
                                    "type": "Extension/Microsoft_Azure_Security_Insights/PartType/OverviewBladePinnedPart"
                                }
                            },
                            {
                                "position": {
                                    "x": 0,
                                    "y": 7,
                                    "rowSpan": 4,
                                    "colSpan": 6
                                },
                                "metadata": {
                                    "inputs": [
                                        {},
                                        {},
                                        {},
                                        {},
                                        {},
                                        {},
                                        {},
                                        {},
                                        {},
                                        {},
                                        {},
                                        {},
                                        {},
                                        {},
                                        {},
                                        {}
                                    ],
                                    "type": "Extension/Microsoft_OperationsManagementSuite_Workspace/PartType/LogsDashboardPart"
                                }
                            }
                        ]
                    }
                ],
                "metadata": {
                    "model": {}
                }
            }
        }
    ]
}