{
    "$schema": "https://schema.management.azure.com/schemas/2015-01-01/deploymentParameters.json#",
    "contentVersion": "1.0.0.0",
    "parameters": {
        "batchAccounts_opicromdl71170_name": {
            "value": null
        },
        "components_opicromdl_45302_name": {
            "value": null
        },
        "publicIPAddresses_pip35598622_name": {
            "value": null
        },
        "storageAccounts_clientstoracct_name": {
            "value": null
        },
        "virtualNetworks_opicromdl_59130_name": {
            "value": null
        },
        "networkInterfaces_nic11880bc312a_name": {
            "value": null
        },
        "databaseAccounts_opicromdl_93664_name": {
            "value": null
        },
        "networkSecurityGroups_opicromdl86444_name": {
            "value": null
        },
        "storageAccounts_opicromdlbc332190b12_name": {
            "value": null
        },
        "virtualMachines_opicromdl_e3007277b1e_name": {
            "value": null
        },
        "publicIPAddresses_opicromdl_59130_pubip_name": {
            "value": null
        },
        "schedules_shutdown_computevm_opicromdl_e3007277b1e_name": {
            "value": null
        },
        "userAssignedIdentities_opicromdl_55373_identity_name": {
            "value": null
        },
        "networkSecurityGroups_opicromdl_59130_subnet1_nsg_eastus_name": {
            "value": null
        },
        "networkSecurityGroups_opicromdl_59130_AzureBastionSubnet_nsg_eastus_name": {
            "value": null
        },
        "smartdetectoralertrules_failure_anomalies___opicromdl_45302_name": {
            "value": null
        },
        "actiongroups_application_insights_smart_detection_externalid": {
            "value": null
        }
    }
}