{
    "$schema": "https://schema.management.azure.com/schemas/2019-04-01/deploymentTemplate.json#",
    "contentVersion": "1.0.0.0",
    "parameters": {
        "batchAccounts_opicromdl71170_name": {
            "defaultValue": "opicromdl71170",
            "type": "String"
        },
        "components_opicromdl_45302_name": {
            "defaultValue": "opicromdl-45302",
            "type": "String"
        },
        "publicIPAddresses_pip35598622_name": {
            "defaultValue": "pip35598622",
            "type": "String"
        },
        "storageAccounts_clientstoracct_name": {
            "defaultValue": "clientstoracct",
            "type": "String"
        },
        "virtualNetworks_opicromdl_59130_name": {
            "defaultValue": "opicromdl-59130",
            "type": "String"
        },
        "networkInterfaces_nic11880bc312a_name": {
            "defaultValue": "nic11880bc312a",
            "type": "String"
        },
        "databaseAccounts_opicromdl_93664_name": {
            "defaultValue": "opicromdl-93664",
            "type": "String"
        },
        "networkSecurityGroups_opicromdl86444_name": {
            "defaultValue": "opicromdl86444",
            "type": "String"
        },
        "storageAccounts_opicromdlbc332190b12_name": {
            "defaultValue": "opicromdlbc332190b12",
            "type": "String"
        },
        "virtualMachines_opicromdl_e3007277b1e_name": {
            "defaultValue": "opicromdl-e3007277b1e",
            "type": "String"
        },
        "publicIPAddresses_opicromdl_59130_pubip_name": {
            "defaultValue": "opicromdl-59130-pubip",
            "type": "String"
        },
        "schedules_shutdown_computevm_opicromdl_e3007277b1e_name": {
            "defaultValue": "shutdown-computevm-opicromdl-e3007277b1e",
            "type": "String"
        },
        "userAssignedIdentities_opicromdl_55373_identity_name": {
            "defaultValue": "opicromdl-55373-identity",
            "type": "String"
        },
        "networkSecurityGroups_opicromdl_59130_subnet1_nsg_eastus_name": {
            "defaultValue": "opicromdl-59130-subnet1-nsg-eastus",
            "type": "String"
        },
        "networkSecurityGroups_opicromdl_59130_AzureBastionSubnet_nsg_eastus_name": {
            "defaultValue": "opicromdl-59130-AzureBastionSubnet-nsg-eastus",
            "type": "String"
        },
        "smartdetectoralertrules_failure_anomalies___opicromdl_45302_name": {
            "defaultValue": "failure anomalies - opicromdl-45302",
            "type": "String"
        },
        "actiongroups_application_insights_smart_detection_externalid": {
            "defaultValue": "/subscriptions/793fcaa3-5121-49fc-9e13-b14f2c859cf6/resourceGroups/opicromwel-56674/providers/microsoft.insights/actiongroups/application insights smart detection",
            "type": "String"
        }
    },
    "variables": {},
    "resources": [
        {
            "type": "Microsoft.Batch/batchAccounts",
            "apiVersion": "2022-06-01",
            "name": "[parameters('batchAccounts_opicromdl71170_name')]",
            "location": "eastus",
            "identity": {
                "type": "None"
            },
            "properties": {
                "poolAllocationMode": "BatchService",
                "publicNetworkAccess": "Enabled",
                "encryption": {
                    "keySource": "Microsoft.Batch"
                },
                "allowedAuthenticationModes": [
                    "SharedKey",
                    "AAD",
                    "TaskAuthenticationToken"
                ]
            }
        },
        {
            "type": "Microsoft.DocumentDB/databaseAccounts",
            "apiVersion": "2022-05-15",
            "name": "[parameters('databaseAccounts_opicromdl_93664_name')]",
            "location": "East US",
            "kind": "GlobalDocumentDB",
            "identity": {
                "type": "None"
            },
            "properties": {
                "publicNetworkAccess": "Enabled",
                "enableAutomaticFailover": false,
                "enableMultipleWriteLocations": false,
                "isVirtualNetworkFilterEnabled": false,
                "virtualNetworkRules": [],
                "disableKeyBasedMetadataWriteAccess": false,
                "enableFreeTier": false,
                "enableAnalyticalStorage": false,
                "analyticalStorageConfiguration": {
                    "schemaType": "WellDefined"
                },
                "databaseAccountOfferType": "Standard",
                "defaultIdentity": "FirstPartyIdentity",
                "networkAclBypass": "None",
                "disableLocalAuth": false,
                "consistencyPolicy": {
                    "defaultConsistencyLevel": "Session",
                    "maxIntervalInSeconds": 5,
                    "maxStalenessPrefix": 100
                },
                "locations": [
                    {
                        "locationName": "East US",
                        "provisioningState": "Succeeded",
                        "failoverPriority": 0,
                        "isZoneRedundant": false
                    }
                ],
                "cors": [],
                "capabilities": [],
                "ipRules": [],
                "backupPolicy": {
                    "type": "Periodic",
                    "periodicModeProperties": {
                        "backupIntervalInMinutes": 240,
                        "backupRetentionIntervalInHours": 8,
                        "backupStorageRedundancy": "Geo"
                    }
                },
                "networkAclBypassResourceIds": []
            }
        },
        {
            "type": "microsoft.insights/components",
            "apiVersion": "2020-02-02",
            "name": "[parameters('components_opicromdl_45302_name')]",
            "location": "eastus",
            "kind": "other",
            "properties": {
                "Application_Type": "other",
                "RetentionInDays": 90,
                "IngestionMode": "ApplicationInsights",
                "publicNetworkAccessForIngestion": "Enabled",
                "publicNetworkAccessForQuery": "Enabled"
            }
        },
        {
            "type": "Microsoft.ManagedIdentity/userAssignedIdentities",
            "apiVersion": "2022-01-31-preview",
            "name": "[parameters('userAssignedIdentities_opicromdl_55373_identity_name')]",
            "location": "eastus"
        },
        {
            "type": "Microsoft.Network/networkSecurityGroups",
            "apiVersion": "2020-11-01",
            "name": "[parameters('networkSecurityGroups_opicromdl_59130_AzureBastionSubnet_nsg_eastus_name')]",
            "location": "eastus",
            "properties": {
                "securityRules": [
                    {
                        "name": "AllowGatewayManager",
                        "properties": {
                            "description": "Allow GatewayManager",
                            "protocol": "*",
                            "sourcePortRange": "*",
                            "destinationPortRange": "443",
                            "sourceAddressPrefix": "GatewayManager",
                            "destinationAddressPrefix": "*",
                            "access": "Allow",
                            "priority": 2702,
                            "direction": "Inbound",
                            "sourcePortRanges": [],
                            "destinationPortRanges": [],
                            "sourceAddressPrefixes": [],
                            "destinationAddressPrefixes": []
                        }
                    },
                    {
                        "name": "AllowHttpsInBound",
                        "properties": {
                            "description": "Allow HTTPs",
                            "protocol": "*",
                            "sourcePortRange": "*",
                            "destinationPortRange": "443",
                            "sourceAddressPrefix": "Internet",
                            "destinationAddressPrefix": "*",
                            "access": "Allow",
                            "priority": 2703,
                            "direction": "Inbound",
                            "sourcePortRanges": [],
                            "destinationPortRanges": [],
                            "sourceAddressPrefixes": [],
                            "destinationAddressPrefixes": []
                        }
                    },
                    {
                        "name": "AllowSshRdpOutbound",
                        "properties": {
                            "protocol": "*",
                            "sourcePortRange": "*",
                            "sourceAddressPrefix": "*",
                            "destinationAddressPrefix": "VirtualNetwork",
                            "access": "Allow",
                            "priority": 100,
                            "direction": "Outbound",
                            "sourcePortRanges": [],
                            "destinationPortRanges": [
                                "22",
                                "3389"
                            ],
                            "sourceAddressPrefixes": [],
                            "destinationAddressPrefixes": []
                        }
                    },
                    {
                        "name": "AllowAzureCloudOutbound",
                        "properties": {
                            "protocol": "TCP",
                            "sourcePortRange": "*",
                            "destinationPortRange": "443",
                            "sourceAddressPrefix": "*",
                            "destinationAddressPrefix": "AzureCloud",
                            "access": "Allow",
                            "priority": 110,
                            "direction": "Outbound",
                            "sourcePortRanges": [],
                            "destinationPortRanges": [],
                            "sourceAddressPrefixes": [],
                            "destinationAddressPrefixes": []
                        }
                    }
                ]
            }
        },
        {
            "type": "Microsoft.Network/networkSecurityGroups",
            "apiVersion": "2020-11-01",
            "name": "[parameters('networkSecurityGroups_opicromdl_59130_subnet1_nsg_eastus_name')]",
            "location": "eastus",
            "properties": {
                "securityRules": []
            }
        },
        {
            "type": "Microsoft.Network/networkSecurityGroups",
            "apiVersion": "2020-11-01",
            "name": "[parameters('networkSecurityGroups_opicromdl86444_name')]",
            "location": "eastus",
            "properties": {
                "securityRules": []
            }
        },
        {
            "type": "Microsoft.Network/publicIPAddresses",
            "apiVersion": "2020-11-01",
            "name": "[parameters('publicIPAddresses_opicromdl_59130_pubip_name')]",
            "location": "eastus",
            "sku": {
                "name": "Standard",
                "tier": "Regional"
            },
            "properties": {
                "ipAddress": "13.92.24.26",
                "publicIPAddressVersion": "IPv4",
                "publicIPAllocationMethod": "Static",
                "idleTimeoutInMinutes": 4,
                "ipTags": []
            }
        },
        {
            "type": "Microsoft.Network/publicIPAddresses",
            "apiVersion": "2020-11-01",
            "name": "[parameters('publicIPAddresses_pip35598622_name')]",
            "location": "eastus",
            "sku": {
                "name": "Basic",
                "tier": "Regional"
            },
            "properties": {
                "publicIPAddressVersion": "IPv4",
                "publicIPAllocationMethod": "Dynamic",
                "idleTimeoutInMinutes": 4,
                "dnsSettings": {
                    "domainNameLabel": "opicromdl-e3007277b1e",
                    "fqdn": "opicromdl-e3007277b1e.eastus.cloudapp.azure.com"
                },
                "ipTags": []
            }
        },
        {
            "type": "Microsoft.Storage/storageAccounts",
            "apiVersion": "2022-05-01",
            "name": "[parameters('storageAccounts_opicromdlbc332190b12_name')]",
            "location": "eastus",
            "sku": {
                "name": "Standard_GRS",
                "tier": "Standard"
            },
            "kind": "Storage",
            "properties": {
                "minimumTlsVersion": "TLS1_0",
                "allowBlobPublicAccess": true,
                "networkAcls": {
                    "bypass": "AzureServices",
                    "virtualNetworkRules": [],
                    "ipRules": [],
                    "defaultAction": "Allow"
                },
                "supportsHttpsTrafficOnly": true,
                "encryption": {
                    "services": {
                        "file": {
                            "keyType": "Account",
                            "enabled": true
                        },
                        "blob": {
                            "keyType": "Account",
                            "enabled": true
                        }
                    },
                    "keySource": "Microsoft.Storage"
                }
            }
        },
        {
            "type": "microsoft.alertsmanagement/smartdetectoralertrules",
            "apiVersion": "2021-04-01",
            "name": "[parameters('smartdetectoralertrules_failure_anomalies___opicromdl_45302_name')]",
            "location": "global",
            "dependsOn": [
                "[resourceId('microsoft.insights/components', parameters('components_opicromdl_45302_name'))]"
            ],
            "properties": {
                "description": "Failure Anomalies notifies you of an unusual rise in the rate of failed HTTP requests or dependency calls.",
                "state": "Enabled",
                "severity": "Sev3",
                "frequency": "PT1M",
                "detector": {
                    "id": "FailureAnomaliesDetector"
                },
                "scope": [
                    "[resourceId('microsoft.insights/components', parameters('components_opicromdl_45302_name'))]"
                ],
                "actionGroups": {
                    "groupIds": [
                        "[parameters('actiongroups_application_insights_smart_detection_externalid')]"
                    ]
                }
            }
        },
        {
            "type": "Microsoft.Compute/virtualMachines",
            "apiVersion": "2022-03-01",
            "name": "[parameters('virtualMachines_opicromdl_e3007277b1e_name')]",
            "location": "eastus",
            "dependsOn": [
                "[resourceId('Microsoft.Network/networkInterfaces', parameters('networkInterfaces_nic11880bc312a_name'))]"
            ],
            "identity": {
                "type": "SystemAssigned, UserAssigned",
                "userAssignedIdentities": {
                    "/subscriptions/793fcaa3-5121-49fc-9e13-b14f2c859cf6/resourcegroups/opicromdl-55373/providers/Microsoft.ManagedIdentity/userAssignedIdentities/opicromdl-55373-identity": {}
                }
            },
            "properties": {
                "hardwareProfile": {
                    "vmSize": "Standard_D3_v2"
                },
                "storageProfile": {
                    "imageReference": {
                        "publisher": "Canonical",
                        "offer": "UbuntuServer",
                        "sku": "18.04-LTS",
                        "version": "latest"
                    },
                    "osDisk": {
                        "osType": "Linux",
                        "name": "[concat(parameters('virtualMachines_opicromdl_e3007277b1e_name'), '_OsDisk_1_669d4368f0834b94b57478b4d22f99f9')]",
                        "createOption": "FromImage",
                        "caching": "ReadWrite",
                        "managedDisk": {
                            "id": "[resourceId('Microsoft.Compute/disks', concat(parameters('virtualMachines_opicromdl_e3007277b1e_name'), '_OsDisk_1_669d4368f0834b94b57478b4d22f99f9'))]"
                        },
                        "deleteOption": "Detach"
                    },
                    "dataDisks": [
                        {
                            "lun": 0,
                            "name": "[concat(parameters('virtualMachines_opicromdl_e3007277b1e_name'), '_disk2_461b2f44d2904a5fa48419edcb6bba42')]",
                            "createOption": "Empty",
                            "caching": "None",
                            "managedDisk": {
                                "id": "[resourceId('Microsoft.Compute/disks', concat(parameters('virtualMachines_opicromdl_e3007277b1e_name'), '_disk2_461b2f44d2904a5fa48419edcb6bba42'))]"
                            },
                            "deleteOption": "Detach",
                            "toBeDetached": false
                        }
                    ]
                },
                "osProfile": {
                    "computerName": "vm44c9721547",
                    "adminUsername": "vmadmin",
                    "linuxConfiguration": {
                        "disablePasswordAuthentication": false,
                        "provisionVMAgent": true,
                        "patchSettings": {
                            "patchMode": "ImageDefault",
                            "assessmentMode": "ImageDefault"
                        }
                    },
                    "secrets": [],
                    "allowExtensionOperations": true,
                    "requireGuestProvisionSignal": true
                },
                "networkProfile": {
                    "networkInterfaces": [
                        {
                            "id": "[resourceId('Microsoft.Network/networkInterfaces', parameters('networkInterfaces_nic11880bc312a_name'))]",
                            "properties": {
                                "primary": true
                            }
                        }
                    ]
                }
            }
        },
        {
            "type": "microsoft.devtestlab/schedules",
            "apiVersion": "2018-09-15",
            "name": "[parameters('schedules_shutdown_computevm_opicromdl_e3007277b1e_name')]",
            "location": "eastus",
            "dependsOn": [
                "[resourceId('Microsoft.Compute/virtualMachines', parameters('virtualMachines_opicromdl_e3007277b1e_name'))]"
            ],
            "properties": {
                "status": "Enabled",
                "taskType": "ComputeVmShutdownTask",
                "dailyRecurrence": {
                    "time": "2330"
                },
                "timeZoneId": "Central Standard Time",
                "notificationSettings": {
                    "status": "Enabled",
                    "timeInMinutes": 30,
                    "emailRecipient": "ovajinapalli@microsoft.com",
                    "notificationLocale": "en"
                },
                "targetResourceId": "[resourceId('Microsoft.Compute/virtualMachines', parameters('virtualMachines_opicromdl_e3007277b1e_name'))]"
            }
        },
        {
            "type": "Microsoft.DocumentDB/databaseAccounts/sqlDatabases",
            "apiVersion": "2022-05-15",
            "name": "[concat(parameters('databaseAccounts_opicromdl_93664_name'), '/TES')]",
            "dependsOn": [
                "[resourceId('Microsoft.DocumentDB/databaseAccounts', parameters('databaseAccounts_opicromdl_93664_name'))]"
            ],
            "properties": {
                "resource": {
                    "id": "TES"
                }
            }
        },
        {
            "type": "Microsoft.DocumentDB/databaseAccounts/sqlRoleDefinitions",
            "apiVersion": "2022-05-15",
            "name": "[concat(parameters('databaseAccounts_opicromdl_93664_name'), '/00000000-0000-0000-0000-000000000001')]",
            "dependsOn": [
                "[resourceId('Microsoft.DocumentDB/databaseAccounts', parameters('databaseAccounts_opicromdl_93664_name'))]"
            ],
            "properties": {
                "roleName": "Cosmos DB Built-in Data Reader",
                "type": "BuiltInRole",
                "assignableScopes": [
                    "[resourceId('Microsoft.DocumentDB/databaseAccounts', parameters('databaseAccounts_opicromdl_93664_name'))]"
                ],
                "permissions": [
                    {
                        "dataActions": [
                            "Microsoft.DocumentDB/databaseAccounts/readMetadata",
                            "Microsoft.DocumentDB/databaseAccounts/sqlDatabases/containers/executeQuery",
                            "Microsoft.DocumentDB/databaseAccounts/sqlDatabases/containers/readChangeFeed",
                            "Microsoft.DocumentDB/databaseAccounts/sqlDatabases/containers/items/read"
                        ],
                        "notDataActions": []
                    }
                ]
            }
        },
        {
            "type": "Microsoft.DocumentDB/databaseAccounts/sqlRoleDefinitions",
            "apiVersion": "2022-05-15",
            "name": "[concat(parameters('databaseAccounts_opicromdl_93664_name'), '/00000000-0000-0000-0000-000000000002')]",
            "dependsOn": [
                "[resourceId('Microsoft.DocumentDB/databaseAccounts', parameters('databaseAccounts_opicromdl_93664_name'))]"
            ],
            "properties": {
                "roleName": "Cosmos DB Built-in Data Contributor",
                "type": "BuiltInRole",
                "assignableScopes": [
                    "[resourceId('Microsoft.DocumentDB/databaseAccounts', parameters('databaseAccounts_opicromdl_93664_name'))]"
                ],
                "permissions": [
                    {
                        "dataActions": [
                            "Microsoft.DocumentDB/databaseAccounts/readMetadata",
                            "Microsoft.DocumentDB/databaseAccounts/sqlDatabases/containers/*",
                            "Microsoft.DocumentDB/databaseAccounts/sqlDatabases/containers/items/*"
                        ],
                        "notDataActions": []
                    }
                ]
            }
        },
        {
            "type": "microsoft.insights/components/ProactiveDetectionConfigs",
            "apiVersion": "2018-05-01-preview",
            "name": "[concat(parameters('components_opicromdl_45302_name'), '/degradationindependencyduration')]",
            "location": "eastus",
            "dependsOn": [
                "[resourceId('microsoft.insights/components', parameters('components_opicromdl_45302_name'))]"
            ],
            "properties": {
                "ruleDefinitions": {
                    "Name": "degradationindependencyduration",
                    "DisplayName": "Degradation in dependency duration",
                    "Description": "Smart Detection rules notify you of performance anomaly issues.",
                    "HelpUrl": "https://docs.microsoft.com/en-us/azure/application-insights/app-insights-proactive-performance-diagnostics",
                    "IsHidden": false,
                    "IsEnabledByDefault": true,
                    "IsInPreview": false,
                    "SupportsEmailNotifications": true
                },
                "enabled": true,
                "sendEmailsToSubscriptionOwners": true,
                "customEmails": []
            }
        },
        {
            "type": "microsoft.insights/components/ProactiveDetectionConfigs",
            "apiVersion": "2018-05-01-preview",
            "name": "[concat(parameters('components_opicromdl_45302_name'), '/degradationinserverresponsetime')]",
            "location": "eastus",
            "dependsOn": [
                "[resourceId('microsoft.insights/components', parameters('components_opicromdl_45302_name'))]"
            ],
            "properties": {
                "ruleDefinitions": {
                    "Name": "degradationinserverresponsetime",
                    "DisplayName": "Degradation in server response time",
                    "Description": "Smart Detection rules notify you of performance anomaly issues.",
                    "HelpUrl": "https://docs.microsoft.com/en-us/azure/application-insights/app-insights-proactive-performance-diagnostics",
                    "IsHidden": false,
                    "IsEnabledByDefault": true,
                    "IsInPreview": false,
                    "SupportsEmailNotifications": true
                },
                "enabled": true,
                "sendEmailsToSubscriptionOwners": true,
                "customEmails": []
            }
        },
        {
            "type": "microsoft.insights/components/ProactiveDetectionConfigs",
            "apiVersion": "2018-05-01-preview",
            "name": "[concat(parameters('components_opicromdl_45302_name'), '/digestMailConfiguration')]",
            "location": "eastus",
            "dependsOn": [
                "[resourceId('microsoft.insights/components', parameters('components_opicromdl_45302_name'))]"
            ],
            "properties": {
                "ruleDefinitions": {
                    "Name": "digestMailConfiguration",
                    "DisplayName": "Digest Mail Configuration",
                    "Description": "This rule describes the digest mail preferences",
                    "HelpUrl": "www.homail.com",
                    "IsHidden": true,
                    "IsEnabledByDefault": true,
                    "IsInPreview": false,
                    "SupportsEmailNotifications": true
                },
                "enabled": true,
                "sendEmailsToSubscriptionOwners": true,
                "customEmails": []
            }
        },
        {
            "type": "microsoft.insights/components/ProactiveDetectionConfigs",
            "apiVersion": "2018-05-01-preview",
            "name": "[concat(parameters('components_opicromdl_45302_name'), '/extension_billingdatavolumedailyspikeextension')]",
            "location": "eastus",
            "dependsOn": [
                "[resourceId('microsoft.insights/components', parameters('components_opicromdl_45302_name'))]"
            ],
            "properties": {
                "ruleDefinitions": {
                    "Name": "extension_billingdatavolumedailyspikeextension",
                    "DisplayName": "Abnormal rise in daily data volume (preview)",
                    "Description": "This detection rule automatically analyzes the billing data generated by your application, and can warn you about an unusual increase in your application's billing costs",
                    "HelpUrl": "https://github.com/Microsoft/ApplicationInsights-Home/tree/master/SmartDetection/billing-data-volume-daily-spike.md",
                    "IsHidden": false,
                    "IsEnabledByDefault": true,
                    "IsInPreview": true,
                    "SupportsEmailNotifications": false
                },
                "enabled": true,
                "sendEmailsToSubscriptionOwners": true,
                "customEmails": []
            }
        },
        {
            "type": "microsoft.insights/components/ProactiveDetectionConfigs",
            "apiVersion": "2018-05-01-preview",
            "name": "[concat(parameters('components_opicromdl_45302_name'), '/extension_canaryextension')]",
            "location": "eastus",
            "dependsOn": [
                "[resourceId('microsoft.insights/components', parameters('components_opicromdl_45302_name'))]"
            ],
            "properties": {
                "ruleDefinitions": {
                    "Name": "extension_canaryextension",
                    "DisplayName": "Canary extension",
                    "Description": "Canary extension",
                    "HelpUrl": "https://github.com/Microsoft/ApplicationInsights-Home/blob/master/SmartDetection/",
                    "IsHidden": true,
                    "IsEnabledByDefault": true,
                    "IsInPreview": true,
                    "SupportsEmailNotifications": false
                },
                "enabled": true,
                "sendEmailsToSubscriptionOwners": true,
                "customEmails": []
            }
        },
        {
            "type": "microsoft.insights/components/ProactiveDetectionConfigs",
            "apiVersion": "2018-05-01-preview",
            "name": "[concat(parameters('components_opicromdl_45302_name'), '/extension_exceptionchangeextension')]",
            "location": "eastus",
            "dependsOn": [
                "[resourceId('microsoft.insights/components', parameters('components_opicromdl_45302_name'))]"
            ],
            "properties": {
                "ruleDefinitions": {
                    "Name": "extension_exceptionchangeextension",
                    "DisplayName": "Abnormal rise in exception volume (preview)",
                    "Description": "This detection rule automatically analyzes the exceptions thrown in your application, and can warn you about unusual patterns in your exception telemetry.",
                    "HelpUrl": "https://github.com/Microsoft/ApplicationInsights-Home/blob/master/SmartDetection/abnormal-rise-in-exception-volume.md",
                    "IsHidden": false,
                    "IsEnabledByDefault": true,
                    "IsInPreview": true,
                    "SupportsEmailNotifications": false
                },
                "enabled": true,
                "sendEmailsToSubscriptionOwners": true,
                "customEmails": []
            }
        },
        {
            "type": "microsoft.insights/components/ProactiveDetectionConfigs",
            "apiVersion": "2018-05-01-preview",
            "name": "[concat(parameters('components_opicromdl_45302_name'), '/extension_memoryleakextension')]",
            "location": "eastus",
            "dependsOn": [
                "[resourceId('microsoft.insights/components', parameters('components_opicromdl_45302_name'))]"
            ],
            "properties": {
                "ruleDefinitions": {
                    "Name": "extension_memoryleakextension",
                    "DisplayName": "Potential memory leak detected (preview)",
                    "Description": "This detection rule automatically analyzes the memory consumption of each process in your application, and can warn you about potential memory leaks or increased memory consumption.",
                    "HelpUrl": "https://github.com/Microsoft/ApplicationInsights-Home/tree/master/SmartDetection/memory-leak.md",
                    "IsHidden": false,
                    "IsEnabledByDefault": true,
                    "IsInPreview": true,
                    "SupportsEmailNotifications": false
                },
                "enabled": true,
                "sendEmailsToSubscriptionOwners": true,
                "customEmails": []
            }
        },
        {
            "type": "microsoft.insights/components/ProactiveDetectionConfigs",
            "apiVersion": "2018-05-01-preview",
            "name": "[concat(parameters('components_opicromdl_45302_name'), '/extension_securityextensionspackage')]",
            "location": "eastus",
            "dependsOn": [
                "[resourceId('microsoft.insights/components', parameters('components_opicromdl_45302_name'))]"
            ],
            "properties": {
                "ruleDefinitions": {
                    "Name": "extension_securityextensionspackage",
                    "DisplayName": "Potential security issue detected (preview)",
                    "Description": "This detection rule automatically analyzes the telemetry generated by your application and detects potential security issues.",
                    "HelpUrl": "https://github.com/Microsoft/ApplicationInsights-Home/blob/master/SmartDetection/application-security-detection-pack.md",
                    "IsHidden": false,
                    "IsEnabledByDefault": true,
                    "IsInPreview": true,
                    "SupportsEmailNotifications": false
                },
                "enabled": true,
                "sendEmailsToSubscriptionOwners": true,
                "customEmails": []
            }
        },
        {
            "type": "microsoft.insights/components/ProactiveDetectionConfigs",
            "apiVersion": "2018-05-01-preview",
            "name": "[concat(parameters('components_opicromdl_45302_name'), '/extension_traceseveritydetector')]",
            "location": "eastus",
            "dependsOn": [
                "[resourceId('microsoft.insights/components', parameters('components_opicromdl_45302_name'))]"
            ],
            "properties": {
                "ruleDefinitions": {
                    "Name": "extension_traceseveritydetector",
                    "DisplayName": "Degradation in trace severity ratio (preview)",
                    "Description": "This detection rule automatically analyzes the trace logs emitted from your application, and can warn you about unusual patterns in the severity of your trace telemetry.",
                    "HelpUrl": "https://github.com/Microsoft/ApplicationInsights-Home/blob/master/SmartDetection/degradation-in-trace-severity-ratio.md",
                    "IsHidden": false,
                    "IsEnabledByDefault": true,
                    "IsInPreview": true,
                    "SupportsEmailNotifications": false
                },
                "enabled": true,
                "sendEmailsToSubscriptionOwners": true,
                "customEmails": []
            }
        },
        {
            "type": "microsoft.insights/components/ProactiveDetectionConfigs",
            "apiVersion": "2018-05-01-preview",
            "name": "[concat(parameters('components_opicromdl_45302_name'), '/longdependencyduration')]",
            "location": "eastus",
            "dependsOn": [
                "[resourceId('microsoft.insights/components', parameters('components_opicromdl_45302_name'))]"
            ],
            "properties": {
                "ruleDefinitions": {
                    "Name": "longdependencyduration",
                    "DisplayName": "Long dependency duration",
                    "Description": "Smart Detection rules notify you of performance anomaly issues.",
                    "HelpUrl": "https://docs.microsoft.com/en-us/azure/application-insights/app-insights-proactive-performance-diagnostics",
                    "IsHidden": false,
                    "IsEnabledByDefault": true,
                    "IsInPreview": false,
                    "SupportsEmailNotifications": true
                },
                "enabled": true,
                "sendEmailsToSubscriptionOwners": true,
                "customEmails": []
            }
        },
        {
            "type": "microsoft.insights/components/ProactiveDetectionConfigs",
            "apiVersion": "2018-05-01-preview",
            "name": "[concat(parameters('components_opicromdl_45302_name'), '/migrationToAlertRulesCompleted')]",
            "location": "eastus",
            "dependsOn": [
                "[resourceId('microsoft.insights/components', parameters('components_opicromdl_45302_name'))]"
            ],
            "properties": {
                "ruleDefinitions": {
                    "Name": "migrationToAlertRulesCompleted",
                    "DisplayName": "Migration To Alert Rules Completed",
                    "Description": "A configuration that controls the migration state of Smart Detection to Smart Alerts",
                    "HelpUrl": "https://docs.microsoft.com/en-us/azure/application-insights/app-insights-proactive-performance-diagnostics",
                    "IsHidden": true,
                    "IsEnabledByDefault": false,
                    "IsInPreview": true,
                    "SupportsEmailNotifications": false
                },
                "enabled": false,
                "sendEmailsToSubscriptionOwners": true,
                "customEmails": []
            }
        },
        {
            "type": "microsoft.insights/components/ProactiveDetectionConfigs",
            "apiVersion": "2018-05-01-preview",
            "name": "[concat(parameters('components_opicromdl_45302_name'), '/slowpageloadtime')]",
            "location": "eastus",
            "dependsOn": [
                "[resourceId('microsoft.insights/components', parameters('components_opicromdl_45302_name'))]"
            ],
            "properties": {
                "ruleDefinitions": {
                    "Name": "slowpageloadtime",
                    "DisplayName": "Slow page load time",
                    "Description": "Smart Detection rules notify you of performance anomaly issues.",
                    "HelpUrl": "https://docs.microsoft.com/en-us/azure/application-insights/app-insights-proactive-performance-diagnostics",
                    "IsHidden": false,
                    "IsEnabledByDefault": true,
                    "IsInPreview": false,
                    "SupportsEmailNotifications": true
                },
                "enabled": true,
                "sendEmailsToSubscriptionOwners": true,
                "customEmails": []
            }
        },
        {
            "type": "microsoft.insights/components/ProactiveDetectionConfigs",
            "apiVersion": "2018-05-01-preview",
            "name": "[concat(parameters('components_opicromdl_45302_name'), '/slowserverresponsetime')]",
            "location": "eastus",
            "dependsOn": [
                "[resourceId('microsoft.insights/components', parameters('components_opicromdl_45302_name'))]"
            ],
            "properties": {
                "ruleDefinitions": {
                    "Name": "slowserverresponsetime",
                    "DisplayName": "Slow server response time",
                    "Description": "Smart Detection rules notify you of performance anomaly issues.",
                    "HelpUrl": "https://docs.microsoft.com/en-us/azure/application-insights/app-insights-proactive-performance-diagnostics",
                    "IsHidden": false,
                    "IsEnabledByDefault": true,
                    "IsInPreview": false,
                    "SupportsEmailNotifications": true
                },
                "enabled": true,
                "sendEmailsToSubscriptionOwners": true,
                "customEmails": []
            }
        },
        {
            "type": "Microsoft.Network/networkSecurityGroups/securityRules",
            "apiVersion": "2020-11-01",
            "name": "[concat(parameters('networkSecurityGroups_opicromdl_59130_AzureBastionSubnet_nsg_eastus_name'), '/AllowAzureCloudOutbound')]",
            "dependsOn": [
                "[resourceId('Microsoft.Network/networkSecurityGroups', parameters('networkSecurityGroups_opicromdl_59130_AzureBastionSubnet_nsg_eastus_name'))]"
            ],
            "properties": {
                "protocol": "TCP",
                "sourcePortRange": "*",
                "destinationPortRange": "443",
                "sourceAddressPrefix": "*",
                "destinationAddressPrefix": "AzureCloud",
                "access": "Allow",
                "priority": 110,
                "direction": "Outbound",
                "sourcePortRanges": [],
                "destinationPortRanges": [],
                "sourceAddressPrefixes": [],
                "destinationAddressPrefixes": []
            }
        },
        {
            "type": "Microsoft.Network/networkSecurityGroups/securityRules",
            "apiVersion": "2020-11-01",
            "name": "[concat(parameters('networkSecurityGroups_opicromdl_59130_AzureBastionSubnet_nsg_eastus_name'), '/AllowGatewayManager')]",
            "dependsOn": [
                "[resourceId('Microsoft.Network/networkSecurityGroups', parameters('networkSecurityGroups_opicromdl_59130_AzureBastionSubnet_nsg_eastus_name'))]"
            ],
            "properties": {
                "description": "Allow GatewayManager",
                "protocol": "*",
                "sourcePortRange": "*",
                "destinationPortRange": "443",
                "sourceAddressPrefix": "GatewayManager",
                "destinationAddressPrefix": "*",
                "access": "Allow",
                "priority": 2702,
                "direction": "Inbound",
                "sourcePortRanges": [],
                "destinationPortRanges": [],
                "sourceAddressPrefixes": [],
                "destinationAddressPrefixes": []
            }
        },
        {
            "type": "Microsoft.Network/networkSecurityGroups/securityRules",
            "apiVersion": "2020-11-01",
            "name": "[concat(parameters('networkSecurityGroups_opicromdl_59130_AzureBastionSubnet_nsg_eastus_name'), '/AllowHttpsInBound')]",
            "dependsOn": [
                "[resourceId('Microsoft.Network/networkSecurityGroups', parameters('networkSecurityGroups_opicromdl_59130_AzureBastionSubnet_nsg_eastus_name'))]"
            ],
            "properties": {
                "description": "Allow HTTPs",
                "protocol": "*",
                "sourcePortRange": "*",
                "destinationPortRange": "443",
                "sourceAddressPrefix": "Internet",
                "destinationAddressPrefix": "*",
                "access": "Allow",
                "priority": 2703,
                "direction": "Inbound",
                "sourcePortRanges": [],
                "destinationPortRanges": [],
                "sourceAddressPrefixes": [],
                "destinationAddressPrefixes": []
            }
        },
        {
            "type": "Microsoft.Network/networkSecurityGroups/securityRules",
            "apiVersion": "2020-11-01",
            "name": "[concat(parameters('networkSecurityGroups_opicromdl_59130_AzureBastionSubnet_nsg_eastus_name'), '/AllowSshRdpOutbound')]",
            "dependsOn": [
                "[resourceId('Microsoft.Network/networkSecurityGroups', parameters('networkSecurityGroups_opicromdl_59130_AzureBastionSubnet_nsg_eastus_name'))]"
            ],
            "properties": {
                "protocol": "*",
                "sourcePortRange": "*",
                "sourceAddressPrefix": "*",
                "destinationAddressPrefix": "VirtualNetwork",
                "access": "Allow",
                "priority": 100,
                "direction": "Outbound",
                "sourcePortRanges": [],
                "destinationPortRanges": [
                    "22",
                    "3389"
                ],
                "sourceAddressPrefixes": [],
                "destinationAddressPrefixes": []
            }
        },
        {
            "type": "Microsoft.Storage/storageAccounts",
            "apiVersion": "2022-05-01",
            "name": "[parameters('storageAccounts_clientstoracct_name')]",
            "location": "eastus",
            "dependsOn": [
                "[resourceId('Microsoft.Network/virtualNetworks/subnets', parameters('virtualNetworks_opicromdl_59130_name'), 'subnet1')]"
            ],
            "tags": {
                "storage-acct": "cromwe",
                "owner": "opiee"
            },
            "sku": {
                "name": "Standard_RAGRS",
                "tier": "Standard"
            },
            "kind": "StorageV2",
            "properties": {
                "defaultToOAuthAuthentication": false,
                "allowCrossTenantReplication": false,
                "isSftpEnabled": false,
                "minimumTlsVersion": "TLS1_2",
                "allowBlobPublicAccess": true,
                "allowSharedKeyAccess": true,
                "isHnsEnabled": true,
                "networkAcls": {
                    "resourceAccessRules": [],
                    "bypass": "AzureServices",
                    "virtualNetworkRules": [
                        {
                            "id": "[resourceId('Microsoft.Network/virtualNetworks/subnets', parameters('virtualNetworks_opicromdl_59130_name'), 'subnet1')]",
                            "action": "Allow",
                            "state": "Succeeded"
                        }
                    ],
                    "ipRules": [
                        {
                            "value": "47.185.200.78",
                            "action": "Allow"
                        }
                    ],
                    "defaultAction": "Allow"
                },
                "supportsHttpsTrafficOnly": true,
                "encryption": {
                    "services": {
                        "file": {
                            "keyType": "Account",
                            "enabled": true
                        },
                        "blob": {
                            "keyType": "Account",
                            "enabled": true
                        }
                    },
                    "keySource": "Microsoft.Storage"
                },
                "accessTier": "Hot"
            }
        },
        {
            "type": "Microsoft.Storage/storageAccounts/blobServices",
            "apiVersion": "2022-05-01",
            "name": "[concat(parameters('storageAccounts_clientstoracct_name'), '/default')]",
            "dependsOn": [
                "[resourceId('Microsoft.Storage/storageAccounts', parameters('storageAccounts_clientstoracct_name'))]"
            ],
            "sku": {
                "name": "Standard_RAGRS",
                "tier": "Standard"
            },
            "properties": {
                "containerDeleteRetentionPolicy": {
                    "enabled": true,
                    "days": 7
                },
                "cors": {
                    "corsRules": []
                },
                "deleteRetentionPolicy": {
                    "allowPermanentDelete": false,
                    "enabled": true,
                    "days": 7
                }
            }
        },
        {
            "type": "Microsoft.Storage/storageAccounts/blobServices",
            "apiVersion": "2022-05-01",
            "name": "[concat(parameters('storageAccounts_opicromdlbc332190b12_name'), '/default')]",
            "dependsOn": [
                "[resourceId('Microsoft.Storage/storageAccounts', parameters('storageAccounts_opicromdlbc332190b12_name'))]"
            ],
            "sku": {
                "name": "Standard_GRS",
                "tier": "Standard"
            },
            "properties": {
                "cors": {
                    "corsRules": []
                },
                "deleteRetentionPolicy": {
                    "allowPermanentDelete": false,
                    "enabled": false
                }
            }
        },
        {
            "type": "Microsoft.Storage/storageAccounts/fileServices",
            "apiVersion": "2022-05-01",
            "name": "[concat(parameters('storageAccounts_clientstoracct_name'), '/default')]",
            "dependsOn": [
                "[resourceId('Microsoft.Storage/storageAccounts', parameters('storageAccounts_clientstoracct_name'))]"
            ],
            "sku": {
                "name": "Standard_RAGRS",
                "tier": "Standard"
            },
            "properties": {
                "protocolSettings": {
                    "smb": {}
                },
                "cors": {
                    "corsRules": []
                },
                "shareDeleteRetentionPolicy": {
                    "enabled": true,
                    "days": 7
                }
            }
        },
        {
            "type": "Microsoft.Storage/storageAccounts/fileServices",
            "apiVersion": "2022-05-01",
            "name": "[concat(parameters('storageAccounts_opicromdlbc332190b12_name'), '/default')]",
            "dependsOn": [
                "[resourceId('Microsoft.Storage/storageAccounts', parameters('storageAccounts_opicromdlbc332190b12_name'))]"
            ],
            "sku": {
                "name": "Standard_GRS",
                "tier": "Standard"
            },
            "properties": {
                "protocolSettings": {
                    "smb": {}
                },
                "cors": {
                    "corsRules": []
                },
                "shareDeleteRetentionPolicy": {
                    "enabled": true,
                    "days": 7
                }
            }
        },
        {
            "type": "Microsoft.Storage/storageAccounts/queueServices",
            "apiVersion": "2022-05-01",
            "name": "[concat(parameters('storageAccounts_clientstoracct_name'), '/default')]",
            "dependsOn": [
                "[resourceId('Microsoft.Storage/storageAccounts', parameters('storageAccounts_clientstoracct_name'))]"
            ],
            "properties": {
                "cors": {
                    "corsRules": []
                }
            }
        },
        {
            "type": "Microsoft.Storage/storageAccounts/queueServices",
            "apiVersion": "2022-05-01",
            "name": "[concat(parameters('storageAccounts_opicromdlbc332190b12_name'), '/default')]",
            "dependsOn": [
                "[resourceId('Microsoft.Storage/storageAccounts', parameters('storageAccounts_opicromdlbc332190b12_name'))]"
            ],
            "properties": {
                "cors": {
                    "corsRules": []
                }
            }
        },
        {
            "type": "Microsoft.Storage/storageAccounts/tableServices",
            "apiVersion": "2022-05-01",
            "name": "[concat(parameters('storageAccounts_clientstoracct_name'), '/default')]",
            "dependsOn": [
                "[resourceId('Microsoft.Storage/storageAccounts', parameters('storageAccounts_clientstoracct_name'))]"
            ],
            "properties": {
                "cors": {
                    "corsRules": []
                }
            }
        },
        {
            "type": "Microsoft.Storage/storageAccounts/tableServices",
            "apiVersion": "2022-05-01",
            "name": "[concat(parameters('storageAccounts_opicromdlbc332190b12_name'), '/default')]",
            "dependsOn": [
                "[resourceId('Microsoft.Storage/storageAccounts', parameters('storageAccounts_opicromdlbc332190b12_name'))]"
            ],
            "properties": {
                "cors": {
                    "corsRules": []
                }
            }
        },
        {
            "type": "Microsoft.DocumentDB/databaseAccounts/sqlDatabases/containers",
            "apiVersion": "2022-05-15",
            "name": "[concat(parameters('databaseAccounts_opicromdl_93664_name'), '/TES/Tasks')]",
            "dependsOn": [
                "[resourceId('Microsoft.DocumentDB/databaseAccounts/sqlDatabases', parameters('databaseAccounts_opicromdl_93664_name'), 'TES')]",
                "[resourceId('Microsoft.DocumentDB/databaseAccounts', parameters('databaseAccounts_opicromdl_93664_name'))]"
            ],
            "properties": {
                "resource": {
                    "id": "Tasks",
                    "indexingPolicy": {
                        "indexingMode": "consistent",
                        "automatic": true,
                        "includedPaths": [
                            {
                                "path": "/*"
                            }
                        ],
                        "excludedPaths": [
                            {
                                "path": "/\"_etag\"/?"
                            }
                        ]
                    },
                    "partitionKey": {
                        "paths": [
                            "/_partitionKey"
                        ],
                        "kind": "Hash"
                    },
                    "conflictResolutionPolicy": {
                        "mode": "LastWriterWins",
                        "conflictResolutionPath": "/_ts"
                    }
                }
            }
        },
        {
            "type": "Microsoft.DocumentDB/databaseAccounts/sqlDatabases/throughputSettings",
            "apiVersion": "2022-05-15",
            "name": "[concat(parameters('databaseAccounts_opicromdl_93664_name'), '/TES/default')]",
            "dependsOn": [
                "[resourceId('Microsoft.DocumentDB/databaseAccounts/sqlDatabases', parameters('databaseAccounts_opicromdl_93664_name'), 'TES')]",
                "[resourceId('Microsoft.DocumentDB/databaseAccounts', parameters('databaseAccounts_opicromdl_93664_name'))]"
            ],
            "properties": {
                "resource": {
                    "throughput": 400,
                    "autoscaleSettings": {
                        "maxThroughput": 4000
                    }
                }
            }
        },
        {
            "type": "Microsoft.Network/virtualNetworks",
            "apiVersion": "2020-11-01",
            "name": "[parameters('virtualNetworks_opicromdl_59130_name')]",
            "location": "eastus",
            "dependsOn": [
                "[resourceId('Microsoft.Network/networkSecurityGroups', parameters('networkSecurityGroups_opicromdl_59130_subnet1_nsg_eastus_name'))]",
                "[resourceId('Microsoft.Network/networkSecurityGroups', parameters('networkSecurityGroups_opicromdl_59130_AzureBastionSubnet_nsg_eastus_name'))]"
            ],
            "properties": {
                "addressSpace": {
                    "addressPrefixes": [
                        "10.0.0.0/24",
                        "10.0.1.0/26"
                    ]
                },
                "dhcpOptions": {
                    "dnsServers": []
                },
                "subnets": [
                    {
                        "name": "subnet1",
                        "properties": {
                            "addressPrefix": "10.0.0.0/24",
                            "networkSecurityGroup": {
                                "id": "[resourceId('Microsoft.Network/networkSecurityGroups', parameters('networkSecurityGroups_opicromdl_59130_subnet1_nsg_eastus_name'))]"
                            },
                            "serviceEndpoints": [
                                {
                                    "service": "Microsoft.Storage",
                                    "locations": [
                                        "eastus",
                                        "westus"
                                    ]
                                }
                            ],
                            "delegations": [],
                            "privateEndpointNetworkPolicies": "Enabled",
                            "privateLinkServiceNetworkPolicies": "Enabled"
                        }
                    },
                    {
                        "name": "AzureBastionSubnet",
                        "properties": {
                            "addressPrefix": "10.0.1.0/26",
                            "networkSecurityGroup": {
                                "id": "[resourceId('Microsoft.Network/networkSecurityGroups', parameters('networkSecurityGroups_opicromdl_59130_AzureBastionSubnet_nsg_eastus_name'))]"
                            },
                            "serviceEndpoints": [],
                            "delegations": [],
                            "privateEndpointNetworkPolicies": "Enabled",
                            "privateLinkServiceNetworkPolicies": "Enabled"
                        }
                    }
                ],
                "virtualNetworkPeerings": [],
                "enableDdosProtection": false
            }
        },
        {
            "type": "Microsoft.Network/virtualNetworks/subnets",
            "apiVersion": "2020-11-01",
            "name": "[concat(parameters('virtualNetworks_opicromdl_59130_name'), '/AzureBastionSubnet')]",
            "dependsOn": [
                "[resourceId('Microsoft.Network/virtualNetworks', parameters('virtualNetworks_opicromdl_59130_name'))]",
                "[resourceId('Microsoft.Network/networkSecurityGroups', parameters('networkSecurityGroups_opicromdl_59130_AzureBastionSubnet_nsg_eastus_name'))]"
            ],
            "properties": {
                "addressPrefix": "10.0.1.0/26",
                "networkSecurityGroup": {
                    "id": "[resourceId('Microsoft.Network/networkSecurityGroups', parameters('networkSecurityGroups_opicromdl_59130_AzureBastionSubnet_nsg_eastus_name'))]"
                },
                "serviceEndpoints": [],
                "delegations": [],
                "privateEndpointNetworkPolicies": "Enabled",
                "privateLinkServiceNetworkPolicies": "Enabled"
            }
        },
        {
            "type": "Microsoft.Network/virtualNetworks/subnets",
            "apiVersion": "2020-11-01",
            "name": "[concat(parameters('virtualNetworks_opicromdl_59130_name'), '/subnet1')]",
            "dependsOn": [
                "[resourceId('Microsoft.Network/virtualNetworks', parameters('virtualNetworks_opicromdl_59130_name'))]",
                "[resourceId('Microsoft.Network/networkSecurityGroups', parameters('networkSecurityGroups_opicromdl_59130_subnet1_nsg_eastus_name'))]"
            ],
            "properties": {
                "addressPrefix": "10.0.0.0/24",
                "networkSecurityGroup": {
                    "id": "[resourceId('Microsoft.Network/networkSecurityGroups', parameters('networkSecurityGroups_opicromdl_59130_subnet1_nsg_eastus_name'))]"
                },
                "serviceEndpoints": [
                    {
                        "service": "Microsoft.Storage",
                        "locations": [
                            "eastus",
                            "westus"
                        ]
                    }
                ],
                "delegations": [],
                "privateEndpointNetworkPolicies": "Enabled",
                "privateLinkServiceNetworkPolicies": "Enabled"
            }
        },
        {
            "type": "Microsoft.Storage/storageAccounts/blobServices/containers",
            "apiVersion": "2022-05-01",
            "name": "[concat(parameters('storageAccounts_clientstoracct_name'), '/default/client-input-files')]",
            "dependsOn": [
                "[resourceId('Microsoft.Storage/storageAccounts/blobServices', parameters('storageAccounts_clientstoracct_name'), 'default')]",
                "[resourceId('Microsoft.Storage/storageAccounts', parameters('storageAccounts_clientstoracct_name'))]"
            ],
            "properties": {
                "immutableStorageWithVersioning": {
                    "enabled": false
                },
                "defaultEncryptionScope": "$account-encryption-key",
                "denyEncryptionScopeOverride": false,
                "publicAccess": "None"
            }
        },
        {
            "type": "Microsoft.Storage/storageAccounts/blobServices/containers",
            "apiVersion": "2022-05-01",
            "name": "[concat(parameters('storageAccounts_opicromdlbc332190b12_name'), '/default/configuration')]",
            "dependsOn": [
                "[resourceId('Microsoft.Storage/storageAccounts/blobServices', parameters('storageAccounts_opicromdlbc332190b12_name'), 'default')]",
                "[resourceId('Microsoft.Storage/storageAccounts', parameters('storageAccounts_opicromdlbc332190b12_name'))]"
            ],
            "properties": {
                "immutableStorageWithVersioning": {
                    "enabled": false
                },
                "defaultEncryptionScope": "$account-encryption-key",
                "denyEncryptionScopeOverride": false,
                "publicAccess": "None"
            }
        },
        {
            "type": "Microsoft.Storage/storageAccounts/blobServices/containers",
            "apiVersion": "2022-05-01",
            "name": "[concat(parameters('storageAccounts_opicromdlbc332190b12_name'), '/default/cromwell-executions')]",
            "dependsOn": [
                "[resourceId('Microsoft.Storage/storageAccounts/blobServices', parameters('storageAccounts_opicromdlbc332190b12_name'), 'default')]",
                "[resourceId('Microsoft.Storage/storageAccounts', parameters('storageAccounts_opicromdlbc332190b12_name'))]"
            ],
            "properties": {
                "immutableStorageWithVersioning": {
                    "enabled": false
                },
                "defaultEncryptionScope": "$account-encryption-key",
                "denyEncryptionScopeOverride": false,
                "publicAccess": "None"
            }
        },
        {
            "type": "Microsoft.Storage/storageAccounts/blobServices/containers",
            "apiVersion": "2022-05-01",
            "name": "[concat(parameters('storageAccounts_opicromdlbc332190b12_name'), '/default/cromwell-workflow-logs')]",
            "dependsOn": [
                "[resourceId('Microsoft.Storage/storageAccounts/blobServices', parameters('storageAccounts_opicromdlbc332190b12_name'), 'default')]",
                "[resourceId('Microsoft.Storage/storageAccounts', parameters('storageAccounts_opicromdlbc332190b12_name'))]"
            ],
            "properties": {
                "immutableStorageWithVersioning": {
                    "enabled": false
                },
                "defaultEncryptionScope": "$account-encryption-key",
                "denyEncryptionScopeOverride": false,
                "publicAccess": "None"
            }
        },
        {
            "type": "Microsoft.Storage/storageAccounts/blobServices/containers",
            "apiVersion": "2022-05-01",
            "name": "[concat(parameters('storageAccounts_opicromdlbc332190b12_name'), '/default/inputs')]",
            "dependsOn": [
                "[resourceId('Microsoft.Storage/storageAccounts/blobServices', parameters('storageAccounts_opicromdlbc332190b12_name'), 'default')]",
                "[resourceId('Microsoft.Storage/storageAccounts', parameters('storageAccounts_opicromdlbc332190b12_name'))]"
            ],
            "properties": {
                "immutableStorageWithVersioning": {
                    "enabled": false
                },
                "defaultEncryptionScope": "$account-encryption-key",
                "denyEncryptionScopeOverride": false,
                "publicAccess": "None"
            }
        },
        {
            "type": "Microsoft.Storage/storageAccounts/blobServices/containers",
            "apiVersion": "2022-05-01",
            "name": "[concat(parameters('storageAccounts_opicromdlbc332190b12_name'), '/default/outputs')]",
            "dependsOn": [
                "[resourceId('Microsoft.Storage/storageAccounts/blobServices', parameters('storageAccounts_opicromdlbc332190b12_name'), 'default')]",
                "[resourceId('Microsoft.Storage/storageAccounts', parameters('storageAccounts_opicromdlbc332190b12_name'))]"
            ],
            "properties": {
                "immutableStorageWithVersioning": {
                    "enabled": false
                },
                "defaultEncryptionScope": "$account-encryption-key",
                "denyEncryptionScopeOverride": false,
                "publicAccess": "None"
            }
        },
        {
            "type": "Microsoft.Storage/storageAccounts/blobServices/containers",
            "apiVersion": "2022-05-01",
            "name": "[concat(parameters('storageAccounts_opicromdlbc332190b12_name'), '/default/workflows')]",
            "dependsOn": [
                "[resourceId('Microsoft.Storage/storageAccounts/blobServices', parameters('storageAccounts_opicromdlbc332190b12_name'), 'default')]",
                "[resourceId('Microsoft.Storage/storageAccounts', parameters('storageAccounts_opicromdlbc332190b12_name'))]"
            ],
            "properties": {
                "immutableStorageWithVersioning": {
                    "enabled": false
                },
                "defaultEncryptionScope": "$account-encryption-key",
                "denyEncryptionScopeOverride": false,
                "publicAccess": "None"
            }
        },
        {
            "type": "Microsoft.Network/networkInterfaces",
            "apiVersion": "2020-11-01",
            "name": "[parameters('networkInterfaces_nic11880bc312a_name')]",
            "location": "eastus",
            "dependsOn": [
                "[resourceId('Microsoft.Network/publicIPAddresses', parameters('publicIPAddresses_pip35598622_name'))]",
                "[resourceId('Microsoft.Network/virtualNetworks/subnets', parameters('virtualNetworks_opicromdl_59130_name'), 'subnet1')]",
                "[resourceId('Microsoft.Network/networkSecurityGroups', parameters('networkSecurityGroups_opicromdl86444_name'))]"
            ],
            "properties": {
                "ipConfigurations": [
                    {
                        "name": "primary",
                        "properties": {
                            "privateIPAddress": "10.0.0.4",
                            "privateIPAllocationMethod": "Dynamic",
                            "publicIPAddress": {
                                "id": "[resourceId('Microsoft.Network/publicIPAddresses', parameters('publicIPAddresses_pip35598622_name'))]"
                            },
                            "subnet": {
                                "id": "[resourceId('Microsoft.Network/virtualNetworks/subnets', parameters('virtualNetworks_opicromdl_59130_name'), 'subnet1')]"
                            },
                            "primary": true,
                            "privateIPAddressVersion": "IPv4"
                        }
                    }
                ],
                "dnsSettings": {
                    "dnsServers": []
                },
                "enableAcceleratedNetworking": false,
                "enableIPForwarding": false,
                "networkSecurityGroup": {
                    "id": "[resourceId('Microsoft.Network/networkSecurityGroups', parameters('networkSecurityGroups_opicromdl86444_name'))]"
                }
            }
        }
    ]
}